{
 "dir_station_ac": {
  "등교|가산디지털단지": [
   119.94934375,
   2.3875411001452673,
   4
  ],
  "등교|독산": [
   88.56595312499998,
   5.216708744388498,
   4
  ],
  "등교|금천구청": [
   63.10224999999997,
   9.11840780329481,
   4
  ],
  "등교|석수": [
   66.655828125,
   5.5126369901089545,
   4
  ],
  "등교|관악": [
   75.12420312500001,
   7.034976609154934,
   4
  ],
  "등교|안양": [
   92.43134375000002,
   7.878204747898115,
   4
  ],
  "등교|명학": [
   72.98128125000005,
   8.337596933996576,
   4
  ],
  "등교|금정": [
   95.83535937500005,
   14.69174573543393,
   4
  ],
  "등교|군포": [
   83.19271874999993,
   6.609455699935756,
   4
  ],
  "등교|당정": [
   75.98134374999995,
   8.589934541016326,
   4
  ],
  "등교|의왕": [
   86.06702083333319,
   12.017377975220038,
   3
  ],
  "하교|의왕": [
   94.44735416666667,
   4.982453399528413,
   3
  ],
  "하교|당정": [
   57.77593749999998,
   4.454862391559868,
   4
  ],
  "하교|명학": [
   55.24170312499996,
   4.634852185137726,
   4
  ],
  "하교|안양": [
   80.30441666666668,
   5.325376904289766,
   3
  ],
  "하교|관악": [
   58.26040625000002,
   9.06577203199658,
   4
  ],
  "하교|석수": [
   63.843390624999984,
   9.399129118814054,
   4
  ],
  "하교|금천구청": [
   71.82598437499996,
   7.845671400794664,
   4
  ],
  "하교|독산": [
   60.01201562499995,
   6.907238554019797,
   4
  ],
  "하교|가산디지털단지": [
   82.45340625,
   18.890338131274042,
   4
  ],
  "하교|군포": [
   48.32850000000002,
   0.0,
   1
  ],
  "하교|금정": [
   84.68883333333333,
   12.686627435649383,
   3
  ]
 },
 "dir_seg_ca": {
  "등교|가산디지털단지|독산": [
   88.368671875,
   13.537811406662932,
   4
  ],
  "등교|독산|금천구청": [
   76.37467187500002,
   8.797393080145476,
   4
  ],
  "등교|금천구청|석수": [
   122.71242187500002,
   14.714172432050283,
   4
  ],
  "등교|석수|관악": [
   89.621625,
   2.725285784182796,
   4
  ],
  "등교|관악|안양": [
   89.2985625,
   3.56356108293335,
   4
  ],
  "등교|안양|명학": [
   100.35984374999992,
   5.692880583405335,
   4
  ],
  "등교|명학|금정": [
   70.66579687499996,
   1.6063904743869755,
   4
  ],
  "등교|금정|군포": [
   99.94598437500002,
   3.4520577056412183,
   4
  ],
  "등교|군포|당정": [
   54.0794531250001,
   4.548126304275064,
   4
  ],
  "등교|당정|의왕": [
   99.30606250000005,
   6.947316874348321,
   3
  ],
  "하교|의왕|당정": [
   118.97139583333335,
   6.603299946281089,
   3
  ],
  "하교|당정|명학": [
   698.9763125,
   0.0,
   1
  ],
  "하교|명학|안양": [
   92.29679166666665,
   0.2694002517810856,
   3
  ],
  "하교|안양|관악": [
   125.37931249999997,
   3.9581655881123163,
   3
  ],
  "하교|관악|석수": [
   87.93215625000005,
   12.588486278585435,
   4
  ],
  "하교|석수|금천구청": [
   106.47392187500003,
   5.031471836602974,
   4
  ],
  "하교|금천구청|독산": [
   68.25453125000007,
   1.203136964632128,
   4
  ],
  "하교|독산|가산디지털단지": [
   86.07732812500001,
   5.105278077899965,
   4
  ],
  "하교|당정|군포": [
   67.20381250000003,
   0.0,
   1
  ],
  "하교|군포|금정": [
   98.39449999999994,
   0.0,
   1
  ],
  "하교|금정|명학": [
   134.15920833333337,
   83.28455411127493,
   3
  ],
  "하교|명학|관악": [
   131.98643749999997,
   0.0,
   1
  ],
  "하교|당정|금정": [
   560.67375,
   8.095312499999977,
   2
  ]
 },
 "global": {
  "ac_med": 73.96887500000003,
  "ac_std": 18.32150447685119,
  "ca_med": 92.55781249999995,
  "ca_std": 106.1977710482955
 }
}