{
  "stations": [
    "가산디지털단지",
    "관악",
    "구로",
    "군포",
    "금정",
    "금천구청",
    "당정",
    "독산",
    "명학",
    "석수",
    "성균관대",
    "신도림",
    "안양",
    "의왕"
  ],
  "sample_rate": 16000,
  "n_mels": 40,
  "n_fft": 512,
  "mel_hop": 256,
  "kws_win_sec": 1.0,
  "kws_norm_mean": -28.345172882080078,
  "kws_norm_std": 18.411205291748047,
  "cnn_win_sec": 2.0,
  "cnn_norm_mean": -25.463966369628906,
  "cnn_norm_std": 14.81447696685791
}